Article Name,URL,Category,Word Count,Character Count,Download Date
A.I. Artificial Intelligence,Unknown,Artificial Intelligence,4160,25419,2026-08-15
Active learning (machine learning),Unknown,Machine Learning,1525,10046,2026-08-15
Adversarial machine learning,Unknown,Deep Learning,5255,34022,2026-08-15
AI art,Unknown,Deep Learning,3271,21945,2026-08-15
AI boom,Unknown,Machine Learning,2738,17606,2026-08-15
AI slop,Unknown,Artificial Intelligence,4922,30798,2026-08-15
AlexNet,Unknown,Deep Learning,1807,11478,2026-08-15
Applications of artificial intelligence,Unknown,Deep Learning,6885,47088,2026-08-15
Artificial general intelligence,Unknown,Deep Learning,5527,35030,2026-08-15
Artificial intelligence,Unknown,Deep Learning,13055,85404,2026-08-15
Biomedical data science,Unknown,Deep Learning,2570,18164,2026-08-15
Computer stereo vision,Unknown,Neural Networks,1801,10317,2026-08-15
Computer vision dazzle,Unknown,Machine Learning,219,1451,2026-08-15
Computer vision syndrome,Unknown,Computer Vision,961,6076,2026-08-15
Computer vision,Unknown,Deep Learning,5715,38416,2026-08-15
Conference on Computer Vision and Pattern Recognition,Unknown,Deep Learning,426,2826,2026-08-15
Convolutional neural network,Unknown,Deep Learning,9540,61269,2026-08-15
Data analysis,Unknown,Machine Learning,4399,29012,2026-08-15
Data management,Unknown,Machine Learning,1956,14008,2026-08-15
Data type,Unknown,Python,3009,18585,2026-08-15
Data,Unknown,Machine Learning,2193,14106,2026-08-15
Deep Learning Super Sampling,Unknown,Deep Learning,2673,16555,2026-08-15
Deep learning,Unknown,Deep Learning,8155,55024,2026-08-15
Deep reinforcement learning,Unknown,Deep Learning,2027,13255,2026-08-15
Deeper learning,Unknown,Deep Learning,2071,14255,2026-08-15
Digital data,Unknown,Machine Learning,4976,30889,2026-08-15
Empirical Methods in Natural Language Processing,Unknown,Artificial Intelligence,285,1999,2026-08-15
Existential risk from artificial intelligence,Unknown,Deep Learning,7244,47229,2026-08-15
Feature (computer vision),Unknown,Machine Learning,2432,15409,2026-08-15
Feedforward neural network,Unknown,Deep Learning,1350,8321,2026-08-15
Generative AI pornography,Unknown,Artificial Intelligence,167,1263,2026-08-15
Generative AI,Unknown,Deep Learning,5462,36569,2026-08-15
Generative engine optimization,Unknown,Artificial Intelligence,362,2583,2026-08-15
Generative pre-trained transformer,Unknown,Deep Learning,1832,12353,2026-08-15
Glossary of artificial intelligence,Unknown,Deep Learning,20213,136331,2026-08-15
Graph neural network,Unknown,Deep Learning,3733,23965,2026-08-15
Hallucination (artificial intelligence),Unknown,Artificial Intelligence,4807,31976,2026-08-15
History of artificial intelligence,Unknown,Deep Learning,14283,93219,2026-08-15
History of natural language processing,Unknown,Deep Learning,1189,8072,2026-08-15
Homography (computer vision),Unknown,Computer Vision,851,4978,2026-08-15
Inkling (large language model),Unknown,Others,377,2497,2026-08-15
International Conference on Machine Learning,Unknown,Machine Learning,466,3172,2026-08-15
Language model benchmark,Unknown,Deep Learning,6164,41448,2026-08-15
Language model,Unknown,Neural Networks,679,4604,2026-08-15
Large language model,Unknown,Deep Learning,7891,52415,2026-08-15
Leonardo.ai,Unknown,Artificial Intelligence,298,2042,2026-08-15
List of artificial intelligence companies,Unknown,Artificial Intelligence,145,1023,2026-08-15
List of data science software,Unknown,Deep Learning,639,4934,2026-08-15
List of large language models,Unknown,Deep Learning,124,781,2026-08-15
Llama (language model),Unknown,Artificial Intelligence,3146,20227,2026-08-15
Machine learning,Unknown,Deep Learning,8295,56600,2026-08-15
Master in Data Science,Unknown,Machine Learning,230,1533,2026-08-15
Multimodal learning,Unknown,Deep Learning,618,4375,2026-08-15
Natural language processing,Unknown,Deep Learning,4472,29829,2026-08-15
Natural language understanding,Unknown,Machine Learning,1325,8807,2026-08-15
Natural language,Unknown,Natural Language Processing,546,3757,2026-08-15
Natural-language user interface,Unknown,Artificial Intelligence,1568,10509,2026-08-15
Neural network (biology),Unknown,Machine Learning,2044,13896,2026-08-15
Neural network (machine learning),Unknown,Deep Learning,6534,44136,2026-08-15
Neural network,Unknown,Deep Learning,764,5261,2026-08-15
Outline of natural language processing,Unknown,Machine Learning,6864,48392,2026-08-15
Post-training of large language models,Unknown,Deep Learning,1512,11238,2026-08-15
Q-learning,Unknown,Deep Learning,2706,16509,2026-08-15
Quantum machine learning,Unknown,Deep Learning,5251,35048,2026-08-15
Quantum natural language processing,Unknown,Machine Learning,277,1964,2026-08-15
Reasoning model,Unknown,Artificial Intelligence,2933,19633,2026-08-15
Recurrent neural network,Unknown,Deep Learning,5588,35447,2026-08-15
Reinforcement learning,Unknown,Machine Learning,5685,37629,2026-08-15
Residual neural network,Unknown,Deep Learning,1934,11739,2026-08-15
Semantic decomposition (natural language processing),Unknown,Machine Learning,527,3498,2026-08-15
Small language model,Unknown,Artificial Intelligence,330,2383,2026-08-15
Social data science,Unknown,Deep Learning,1956,13516,2026-08-15
Spiking neural network,Unknown,Neural Networks,1950,13474,2026-08-15
Transformer (deep learning),Unknown,Deep Learning,9472,59600,2026-08-15
Transformer (disambiguation),Unknown,Deep Learning,215,1406,2026-08-15
Transformer oil,Unknown,Others,1435,9379,2026-08-15
Transformer,Unknown,Others,6980,46506,2026-08-15
Transformers (disambiguation),Unknown,Others,186,1304,2026-08-15
Transformers (film),Unknown,Artificial Intelligence,5317,32247,2026-08-15
Transformers,Unknown,Others,6471,41050,2026-08-15
Triangulation (computer vision),Unknown,Computer Vision,2314,12910,2026-08-15
Vision transformer,Unknown,Deep Learning,3134,20001,2026-08-15
